instruction,category,intent
Can you stop my order?,ORDER,cancel_order
I want to cancel my order,ORDER,cancel_order
Please cancel the order I just placed,ORDER,cancel_order
I don't want this order anymore,ORDER,cancel_order
Can you cancel my purchase?,ORDER,cancel_order
I placed this order by mistake,ORDER,cancel_order
Please stop my current order,ORDER,cancel_order
I need to cancel a recent purchase,ORDER,cancel_order
How can I cancel my order?,ORDER,cancel_order
I want to stop an order I made,ORDER,cancel_order
Please cancel my purchase,ORDER,cancel_order
Can I cancel an order I just made?,ORDER,cancel_order
I no longer want the item I ordered,ORDER,cancel_order
I changed my mind about this order,ORDER,cancel_order
Help me cancel an existing order,ORDER,cancel_order
I need to stop an order before it is processed,ORDER,cancel_order
Can you help me cancel this order?,ORDER,cancel_order
I want to remove an order I placed,ORDER,cancel_order
Please stop the order I made earlier,ORDER,cancel_order
I need to cancel something I ordered,ORDER,cancel_order
I need to change something in my order,ORDER,change_order
Can I modify my order?,ORDER,change_order
I want to change an item I ordered,ORDER,change_order
Can I replace one product in my order?,ORDER,change_order
"I ordered the wrong item, can I change it?",ORDER,change_order
Help me edit my order,ORDER,change_order
I need to update my purchase,ORDER,change_order
Can I swap an item in my order?,ORDER,change_order
I want to modify an existing order,ORDER,change_order
Please change something in my purchase,ORDER,change_order
I need to make a change to my order,ORDER,change_order
Can I edit something I ordered?,ORDER,change_order
"I selected the wrong product, can I change it?",ORDER,change_order
I want to replace something in my order,ORDER,change_order
Can I update an item in my order?,ORDER,change_order
I need to correct something in my order,ORDER,change_order
Help me modify my purchase,ORDER,change_order
I want to change one of the items I ordered,ORDER,change_order
Can I make changes to an existing purchase?,ORDER,change_order
I need to edit the order I just placed,ORDER,change_order
Where is my order?,ORDER,track_order
Can you tell me where my order is?,ORDER,track_order
I want to track my order,ORDER,track_order
What is the status of my order?,ORDER,track_order
Where is my package right now?,ORDER,track_order
Can you locate my package?,ORDER,track_order
Has my order been shipped?,ORDER,track_order
I need to know where my purchase is,ORDER,track_order
Can you give me an update on my order?,ORDER,track_order
Where can I find my order status?,ORDER,track_order
I want to know the current location of my package,ORDER,track_order
Can you check where my order is?,ORDER,track_order
Has my package been sent yet?,ORDER,track_order
I need an update about my delivery,ORDER,track_order
Can you tell me the status of my purchase?,ORDER,track_order
Where is the order I placed?,ORDER,track_order
I want to find out where my package is,ORDER,track_order
Can you check my order tracking?,ORDER,track_order
I need to track a purchase I made,ORDER,track_order
What is happening with my order?,ORDER,track_order
I want to place an order,ORDER,place_order
How can I buy this product?,ORDER,place_order
I would like to order an item,ORDER,place_order
How do I purchase something?,ORDER,place_order
I want to buy a product,ORDER,place_order
Can I order this item?,ORDER,place_order
Help me place an order,ORDER,place_order
I'd like to make a purchase,ORDER,place_order
Where can I order this product?,ORDER,place_order
Please help me order something,ORDER,place_order
How do I buy something from you?,ORDER,place_order
I would like to purchase this item,ORDER,place_order
Can you help me place a new order?,ORDER,place_order
I want to buy something,ORDER,place_order
How can I place a new order?,ORDER,place_order
I am ready to make a purchase,ORDER,place_order
Can I purchase this product?,ORDER,place_order
I need help ordering a product,ORDER,place_order
I'd like to buy this item,ORDER,place_order
How do I order a product?,ORDER,place_order
where is my order,ORDER,track_order
what is the status of my order,ORDER,track_order
where is my package,ORDER,track_order
can you track my package,ORDER,track_order
where is my delivery,ORDER,track_order
when will my order arrive,ORDER,track_order
what is happening with my order,ORDER,track_order
can you tell me where my order is,ORDER,track_order
I want to track my package,ORDER,track_order
what is the current status of my delivery,ORDER,track_order
where is my refund,REFUND,track_refund
what is the status of my refund,REFUND,track_refund
when will I receive my refund,REFUND,track_refund
can you track my refund,REFUND,track_refund
has my refund been processed,REFUND,track_refund
I want to check my refund status,REFUND,track_refund
where is my reimbursement,REFUND,track_refund
what is happening with my refund,REFUND,track_refund
when will my refund arrive,REFUND,track_refund
can you tell me the status of my refund,REFUND,track_refund
I need to download my invoice,INVOICE,get_invoice
please send me my invoice,INVOICE,get_invoice
can you send me a copy of my invoice,INVOICE,get_invoice
I want to receive my bill,INVOICE,get_invoice
please provide me with my invoice,INVOICE,get_invoice
can you get me my invoice,INVOICE,get_invoice
I need my invoice sent to me,INVOICE,get_invoice
how can I download my bill,INVOICE,get_invoice
please give me a copy of my bill,INVOICE,get_invoice
I want to retrieve my invoice,INVOICE,get_invoice
I want to see my invoice,INVOICE,check_invoice
can I view my invoice,INVOICE,check_invoice
I need to check my bill,INVOICE,check_invoice
can I look at my invoice,INVOICE,check_invoice
where can I see my bill,INVOICE,check_invoice
I want to check my invoice,INVOICE,check_invoice
can I view the details of my bill,INVOICE,check_invoice
I need to look at my invoice,INVOICE,check_invoice
show me my invoice,INVOICE,check_invoice
where can I find my invoice,INVOICE,check_invoice
I want to create an account,ACCOUNT,create_account
how do I sign up,ACCOUNT,create_account
I want to sign up,ACCOUNT,create_account
how can I register,ACCOUNT,create_account
help me create an account,ACCOUNT,create_account
I need to open an account,ACCOUNT,create_account
can I create a new account,ACCOUNT,create_account
I want to register for an account,ACCOUNT,create_account
how can I open an account,ACCOUNT,create_account
please help me sign up,ACCOUNT,create_account
I can't sign up,ACCOUNT,registration_problems
I'm having trouble signing up,ACCOUNT,registration_problems
my registration isn't working,ACCOUNT,registration_problems
I cannot register,ACCOUNT,registration_problems
I'm having a problem with registration,ACCOUNT,registration_problems
sign up is not working,ACCOUNT,registration_problems
I can't create my account,ACCOUNT,registration_problems
there is an error during registration,ACCOUNT,registration_problems
I'm unable to sign up,ACCOUNT,registration_problems
I'm having issues registering,ACCOUNT,registration_problems
I want to delete my account,ACCOUNT,delete_account
please close my account,ACCOUNT,delete_account
I want to deactivate my account,ACCOUNT,delete_account
how can I remove my account,ACCOUNT,delete_account
I don't want my account anymore,ACCOUNT,delete_account
please delete my account,ACCOUNT,delete_account
I want to close my account,ACCOUNT,delete_account
how do I deactivate my account,ACCOUNT,delete_account
help me remove my account,ACCOUNT,delete_account
I need to terminate my account,ACCOUNT,delete_account
I forgot my password,ACCOUNT,recover_password
I need to reset my password,ACCOUNT,recover_password
I can't remember my password,ACCOUNT,recover_password
how can I recover my password,ACCOUNT,recover_password
I forgot my account PIN,ACCOUNT,recover_password
help me reset my PIN,ACCOUNT,recover_password
I lost my password,ACCOUNT,recover_password
how do I change my password,ACCOUNT,recover_password
I need to recover my account password,ACCOUNT,recover_password
please help me restore my PIN,ACCOUNT,recover_password
I want to review my bill,INVOICE,check_invoice
I want to review the details of my invoice,INVOICE,check_invoice
can I review my invoice,INVOICE,check_invoice
I need to review my bill,INVOICE,check_invoice
let me review my invoice,INVOICE,check_invoice
I would like to see my invoice,INVOICE,check_invoice
I need a copy of my bill,INVOICE,get_invoice
please send me a copy of my bill,INVOICE,get_invoice
I want you to send my invoice,INVOICE,get_invoice
can you provide me with a copy of my bill,INVOICE,get_invoice
please send my bill to me,INVOICE,get_invoice
I want to sign up for an account,ACCOUNT,create_account
I would like to sign up,ACCOUNT,create_account
I need to sign up for an account,ACCOUNT,create_account
can I sign up for an account,ACCOUNT,create_account
please help me register for an account,ACCOUNT,create_account
I would like to create an account,ACCOUNT,create_account
how can I register for an account,ACCOUNT,create_account
I can't sign up for an account,ACCOUNT,registration_problems
I'm unable to sign up for an account,ACCOUNT,registration_problems
I have a problem signing up,ACCOUNT,registration_problems
something is wrong with my sign up,ACCOUNT,registration_problems
I'm having trouble registering,ACCOUNT,registration_problems
my sign up is not working,ACCOUNT,registration_problems
I get an error when I try to sign up,ACCOUNT,registration_problems
I cannot complete my registration,ACCOUNT,registration_problems
I want to get rid of my account,ACCOUNT,delete_account
I want to remove my account,ACCOUNT,delete_account
I need to get rid of this account,ACCOUNT,delete_account
please get rid of my account,ACCOUNT,delete_account
I no longer want this account,ACCOUNT,delete_account
I don't want to keep my account,ACCOUNT,delete_account
I want my account removed,ACCOUNT,delete_account
how can I get rid of my account,ACCOUNT,delete_account
I need to get back into my account,ACCOUNT,recover_password
I can't get back into my account,ACCOUNT,recover_password
I can't access my account,ACCOUNT,recover_password
I am unable to access my account,ACCOUNT,recover_password
how can I regain access to my account,ACCOUNT,recover_password
I need help getting back into my account,ACCOUNT,recover_password
I lost access to my account,ACCOUNT,recover_password
how do I regain access to my account,ACCOUNT,recover_password
